Date,HomeTeam,AwayTeam,FTHG,FTAG,FTR,B365H,B365D,B365A,PSCH,PSCD,PSCA
17/08/2024,Arsenal,Wolves,2,0,H,1.30,5.50,10.00,1.32,5.60,10.50
17/08/2024,Everton,Brighton,0,3,A,2.60,3.40,2.70,2.65,3.45,2.72
18/08/2024,Newcastle,Southampton,1,0,H,1.45,4.50,7.00,1.47,4.55,7.20
18/08/2024,Chelsea,Man City,0,2,A,3.10,3.60,2.20,3.15,3.65,2.22
24/08/2024,Liverpool,Brentford,2,0,H,1.35,5.00,9.00,1.37,5.10,9.20
24/08/2024,Spurs,Everton,4,0,H,1.50,4.40,6.50,1.52,4.45,6.60
25/08/2024,Brighton,Man Utd,2,1,H,2.90,3.50,2.40,2.95,3.55,2.42
25/08/2024,Man City,Ipswich,4,1,H,1.14,8.00,17.00,1.15,8.20,18.00
31/08/2024,Arsenal,Brighton,1,1,D,1.55,4.20,6.00,1.57,4.25,6.10
31/08/2024,Wolves,Chelsea,2,6,A,3.60,3.70,2.00,3.65,3.75,2.02
01/09/2024,Man Utd,Liverpool,0,3,A,2.70,3.50,2.55,2.75,3.55,2.57
01/09/2024,Newcastle,Spurs,2,1,H,2.50,3.50,2.75,2.55,3.55,2.77
